도경찰청,경찰서,지구대(파출소)명,구분,우편번호,주소,일반전화
충북,흥덕,복대,지구대,28420,충북 청주시 흥덕구 진재로 16,043-270-3702
충북,흥덕,강서,지구대,28376,충북 청주시 흥덕구 가로수길 1158,043-270-3703
충북,흥덕,봉명,지구대,28462,충북 청주시 흥덕구 송절로64번길 13,043-270-3705
충북,흥덕,강내,파출소,28172,충북 청주시 흥덕구 강내면 가로수로 566,043-270-3704
충북,흥덕,옥산,파출소,28113,충북 청주시 흥덕구 옥산면 청주역로 662,043-270-3708
충북,흥덕,오송,파출소,28168,충북 청주시 흥덕구 오송읍 봉산1길 9,043-270-3707
충북,흥덕,남이,파출소,28182,충북 청주시 서원구 남이면 청남로 1205,043-270-3709
충북,흥덕,현도,파출소,28215,충북 청주시 서원구 현도면 청남로 358,043-270-3710
충북,흥덕,송절,파출소,28291,충북 청주시 흥덕구 송화로 85,043-270-3711
충북,상당,용암,지구대,28762,충북 청주시 상당구 용암북로 160번길 7,043-280-1701
충북,상당,분평,지구대,28796,충북 청주시 서원구 분평로 37,043-280-1704
충북,상당,성안,지구대,28720,충북 청주시 상당구 탑동로 68 (임시청사),043-280-1711
충북,상당,방서,지구대,28786,충북 청주시 상당구 월운로 30,043-280-1727
충북,상당,가덕,파출소,28190,충북 청주시 상당구 남일면 보청대로 4761,043-280-1731
충북,상당,남일,파출소,28190,충북 청주시 상당구 남일면 단재로 657,043-280-1706
충북,상당,문의,파출소,28208,충북 청주시 상당구 문의면 문의시내로 1,043-280-1707
충북,상당,미원,파출소,28199,충북 청주시 상당구 미원면 미원시내2길 43,043-280-1708
충북,청원,내덕,지구대,28479,충북 청주시 청원구 중앙로 202,043-251-1701
충북,청원,율량,지구대,28323,충북 청주시 청원구 율량로 3번길 41,043-251-1705
충북,청원,오창,지구대,28117,충북 청주시 청원구 오창읍 2산단로 113,043-251-1706
충북,청원,사창,지구대,28643,충북 청주시 서원구 1순환로 690,043-251-1703
충북,청원,서오창,지구대,28120,충북 청주시 청원구 오창읍 오창공원로 311,043-251-1715
충북,청원,내수,파출소,28145,충북 청주시 내수읍 청암로 100-6,043-214-0112
충북,충주,중앙,지구대,27389,충북 충주시 중앙로 109,043-843-0021
충북,충주,연수,지구대,27347,중북 충주시 연원로 연수서편2길 8,043-852-1113
충북,충주,호암,지구대,27410,충북 충주시 중원대로 3394,043-843-0024
충북,충주,서충주,지구대,27472,충북 충주시 대소원면 대소원로 134,043-846-0112
충북,충주,엄정,피출소,27313,충북 충주시 엄정면 내창로 179,043-852-7112
충북,충주,수안보,파출소,27497,충북 충주시 수안보면 온천중앙길 6,043-846-0030
충북,충주,중앙탑 ,파출소,27447,충북 충주시 중앙탑면 중앙탑길 251,043-855-3212
충북,충주,금가,파출소,27442,충북 충주시 금가면 강수로 351,043-853-6112
충북,충주,앙성,파출소,27303,충북 충주시 앙성면 가곡로 1029,043-855-7112
충북,제천,강저,지구대,27200,충북 제천시 청풍호로 79,043-641-8710
충북,제천,중앙,지구대,27173,충북 제천시 독순로 77,043-641-8720
충북,제천,청전,지구대,27148,충북 제천시 용두천로 318,043-641-8730
충북,제천,용두,파출소,27187,충북 제천시 용두대로 33,043-641-8740
충북,제천,봉양,파출소,27114,충북 제천시 봉양읍 북부로 1455,043-641-8750
충북,제천,청풍,파출소,27214,충북 제천시 청풍면 청풍호로 2119,043-641-8760
충북,제천,덕산,파출소,27223,충북 제천시 덕산면 약초로 85,043-641-8770
충북,음성,설성,지구대,27690,충북 음성군 음성읍 중앙로 181,043-872-1517
충북,음성,대소,파출소,27668,충북 음성군 대소면 오산로 43,043-881-7112
충북,음성,삼성,파출소,27649,충북 음성군 삼성면 덕정로 111,043-878-5112
충북,음성,금왕,지구대,27636,충북 음성군 금왕읍 금석로 73,043-878-2112
충북,음성,맹동,파출소,27733,충북 음성군 맹동면 덕금로 408,043-878-9112
충북,음성,혁신,파출소,27738,충북 음성군 맹동면 장성로 115,043-883-9112
충북,음성,감곡,파출소,27603,충북 음성군 감곡면 장감로 127,043-881-2113
충북,영동,중앙,지구대,29144,충북 영동군 영동읍 계산리 계산로 63 ,043-745-3112
충북,영동,용산,파출소,29110,충북 영동군 용산면 용산로 400 ,043-742-9112
충북,영동,학산,파출소,29166,충북 영동군 학산면 서산로 72,043-743-6112
충북,영동,양강,파출소,29155,충북 영동군 양강면 학산영동로 835,043-742-1112
충북,영동,황간,파출소,29114,충북 영동군 황간면 영동황간로 1661,043-742-4112
충북,영동,상촌,파출소,29123,충북 영동군 상촌면 민주지산로 3027,043-743-4112
충북,괴산,증평,지구대,27930,충북 증평군 증평읍 중앙로 232,043-836-2112
충북,괴산,괴산,지구대,28033,충북 괴산군 괴산읍 읍내로 246,043-834-3112
충북,괴산,청천,파출소,28063,충북 괴산군 청천면 괴산로 1357,043-832-4112
충북,괴산,연풍,파출소,28013,충북 괴산군 연풍면 향교로 43,043-833-5112
충북,괴산,칠성,파출소,28019,충북 괴산군 칠성면 도정로 53 ,043-832-5112
충북,괴산,불정,파출소,28002,충북 괴산군 불정면 목도로 24 ,043-833-7112
충북,괴산,청안,파출소,28050,충북 괴산군 청안면 청안읍내로 22 ,043-836-9112
충북,단양,중앙,지구대,27012,충북 단양군 단양읍 삼봉로259,043-422-3211
충북,단양,매포,파출소,27005,충북 단양군 매포읍 평동로114,043-422-4112
충북,단양,가곡,파출소,27021,충북 단양군 가곡면 남한강로530,043-422-8112
충북,단양,대강,파출소,27027,충북 단양군 대강면 대강로68,043-421-4112
충북,단양,영춘,파출소,27018,충북 단양군 영춘면 온달평강로67,043-423-7112
충북,보은,읍내,지구대,28936,충북 보은군 보은읍 뱃들4길 11-6,043-542-1112
충북,보은,마로,파출소,28963,충북 보은군 마로면 관기송현로 54,043-542-3112
충북,보은,회인,파출소,28929,충북 보은군 회인면 회인로 88,043-542-9112
충북,보은,속리산,파출소,28908,충북 보은군 속리산면 법주사로 276,043-543-3112
충북,보은,삼승,파출소,28925,충북 보은군 삼승면 원남로 56-1 ,043-542-7112
충북,보은,내북,파출소,28900,충북 보은군 내북면 남부로 6277,043-542-0112
충북,옥천,중앙,지구대,29030,충북 옥천군 옥천읍 지용로 21,043-730-9721
충북,옥천,군북,파출소,29000,충북 옥천군 군북면 옥천로 1114,043-730-9723
충북,옥천,안내,파출소,29006,충북 옥천군 안내면 현리3길 17,043-730-9726
충북,옥천,이원,파출소,29061,충북 옥천군 이원면 신흥1길 18,043-730-9714
충북,옥천,동이,파출소,29024,충북 옥천군 동이면 평산길 34,043-730-9725
충북,옥천,청산,파출소,29013,충북 옥천군 청산면 지전길 48,043-730-9719
충북,옥천,청성,파출소,29017,충북 옥천군 청성면 산계길 97,043-730-9728
충북,진천,상산,지구대,27840,충북 진천군 진천읍 남산3길 10,043-532-3112
충북,진천,덕산,지구대,27851,충북 진천군 덕산면 덕금로 803,043-536-4112
충북,진천,이월,파출소,27814,충북 진천군 이월면 진광로 803,043-537-8112
충북,진천,광혜원,파출소,27805,충북 진천군 광혜원면 중리3길 18,043-535-3112
충북,진천,초평,파출소,27858,충북 진천군 초평면 초동로 9,043-532-6112
